<?xml version="1.0" encoding="UTF-8"?>
<beans xmlns="http://www.springframework.org/schema/beans"
			 xmlns:xsi="http://www.w3.org/2001/XMLSchema-instance"
			 xmlns:p="http://www.springframework.org/schema/p"
			 xmlns:context="http://www.springframework.org/schema/context"
			 xmlns:util="http://www.springframework.org/schema/util"
			 xsi:schemaLocation="http://www.springframework.org/schema/beans http://www.springframework.org/schema/beans/spring-beans.xsd
       http://www.springframework.org/schema/context http://www.springframework.org/schema/context/spring-context.xsd
       http://www.springframework.org/schema/util http://www.springframework.org/schema/util/spring-util.xsd">

	<bean id="propiedadesConfiguracion"
		class="org.springframework.beans.factory.config.PropertyPlaceholderConfigurer"
		lazy-init="true">
		<property name="locations">
			<list>
				<value>classpath:App.properties</value>
			</list>
		</property>
		<property name="ignoreUnresolvablePlaceholders" value="true"></property>		
	</bean>
	
	<util:properties id="confProperties" location="classpath:App.properties"/>
</beans>